{"version": 2, "width": 80, "height": 24, "timestamp": 1547402778, "env": {"SHELL": "/bin/bash", "TERM": "xterm-256color"}}
[0.013444, "o", "\u001b[?1034hbash-3.2$ "]
[1.658126, "o", "l"]
[1.738071, "o", "s"]
[1.89167, "o", "\r\n"]
[1.895613, "o", "LICENSE\t\tPITCHME.yaml\tcddir\r\nPITCHME.md\tREADME.md\ttemplate\r\n"]
[1.895985, "o", "bash-3.2$ "]
[3.394002, "o", "c"]
[3.553958, "o", "d"]
[3.704954, "o", " "]
[4.759919, "o", "t"]
[4.839835, "o", "e"]
[5.119856, "o", "mplate/"]
[6.346634, "o", "\r\n"]
[6.346969, "o", "bash-3.2$ "]
[6.69986, "o", "l"]
[6.839899, "o", "s"]
[6.932911, "o", "\r\n"]
[6.936717, "o", "css\tfonts\timg\r\n"]
[6.937073, "o", "bash-3.2$ "]
[7.380959, "o", "c"]
[7.561391, "o", "d"]
[8.054017, "o", " "]
[8.647832, "o", "i"]
[8.785683, "o", "m"]
[8.924863, "o", "g"]
[9.609564, "o", "\r\n"]
[9.609856, "o", "bash-3.2$ "]
[9.901531, "o", "l"]
[10.014765, "o", "s"]
[10.118817, "o", "\r\n"]
[10.12263, "o", "environment\tlogo.png\tphx.server.png\r\n"]
[10.123014, "o", "bash-3.2$ "]
[17.00872, "o", "c"]
[17.194767, "o", "d"]
[17.382218, "o", " "]
[18.252882, "o", "."]
[18.357746, "o", "."]
[18.728624, "o", "\r\n"]
[18.728889, "o", "bash-3.2$ "]
[19.116877, "o", "l"]
[19.294668, "o", "s"]
[19.415464, "o", "\r\n"]
[19.419298, "o", "css\tfonts\timg\r\n"]
[19.419638, "o", "bash-3.2$ "]
[20.278681, "o", "c"]
[20.432785, "o", "d"]
[20.558763, "o", " "]
[21.385908, "o", "."]
[21.492002, "o", "."]
[22.194586, "o", "\r\n"]
[22.194839, "o", "bash-3.2$ "]
[22.628891, "o", "l"]
[22.80068, "o", "s"]
[22.917227, "o", "\r\n"]
[22.921247, "o", "LICENSE\t\tPITCHME.yaml\tcddir\r\nPITCHME.md\tREADME.md\ttemplate\r\n"]
[22.92161, "o", "bash-3.2$ "]
[23.659585, "o", "c"]
[23.845685, "o", "d"]
[24.004631, "o", " "]
[24.911631, "o", "t"]
[24.990651, "o", "e"]
[25.131458, "o", "m"]
[25.30758, "o", "p"]
[25.899302, "o", "l"]
[26.085483, "o", "a"]
[26.353619, "o", "t"]
[26.409544, "o", "e"]
[27.142053, "o", "/"]
[27.991354, "o", "i"]
[28.141, "o", "m"]
[28.303436, "o", "g"]
[29.272301, "o", "\r\n"]
[29.272623, "o", "bash-3.2$ "]
[29.845559, "o", "l"]
[29.944579, "o", "s"]
[30.088988, "o", "\r\n"]
[30.092749, "o", "environment\tlogo.png\tphx.server.png\r\n"]
[30.093103, "o", "bash-3.2$ "]
[31.294409, "o", "c"]
[31.459348, "o", "d"]
[31.589178, "o", " "]
[32.296119, "o", "."]
[32.402255, "o", "."]
[32.581142, "o", "/"]
[33.29722, "o", "."]
[33.406212, "o", "."]
[33.666532, "o", "\r\n"]
[33.666832, "o", "bash-3.2$ "]
[34.142988, "o", "l"]
[34.272013, "o", "s"]
[34.349155, "o", "\r\n"]
[34.35321, "o", "LICENSE\t\tPITCHME.yaml\tcddir\r\nPITCHME.md\tREADME.md\ttemplate\r\n"]
[34.353666, "o", "bash-3.2$ "]
[37.29103, "o", "m"]
[37.443981, "o", "k"]
[37.643188, "o", "d"]
[37.86294, "o", "i"]
[37.975739, "o", "r"]
[38.174076, "o", " "]
[38.876831, "o", "t"]
[38.962064, "o", "e"]
[39.179919, "o", "s"]
[39.303991, "o", "t"]
[40.090649, "o", "\r\n"]
[40.094418, "o", "bash-3.2$ "]
[40.404642, "o", "l"]
[40.519865, "o", "s"]
[40.596567, "o", "\r\n"]
[40.600564, "o", "LICENSE\t\tPITCHME.yaml\tcddir\t\ttest\r\nPITCHME.md\tREADME.md\ttemplate\r\n"]
[40.601001, "o", "bash-3.2$ "]
[41.101204, "o", "c"]
[41.320768, "o", "d"]
[41.506674, "o", " "]
[41.711027, "o", "t"]
[41.794473, "o", "e"]
[42.044911, "o", "s"]
[42.214867, "o", "t"]
[42.405537, "o", "\r\n"]
[42.405867, "o", "bash-3.2$ "]
[42.730938, "o", "l"]
[42.83812, "o", "s"]
[42.939624, "o", "\r\n"]
[42.944127, "o", "bash-3.2$ "]
[43.540781, "o", "c"]
[43.698843, "o", "d"]
[43.812894, "o", " "]
[44.4049, "o", "."]
[44.516624, "o", "."]
[44.728422, "o", "\r\n"]
[44.72876, "o", "bash-3.2$ "]
[45.024596, "o", "l"]
[45.219702, "o", "s"]
[45.318967, "o", "\r\n"]
[45.322758, "o", "LICENSE\t\tPITCHME.yaml\tcddir\t\ttest\r\nPITCHME.md\tREADME.md\ttemplate\r\n"]
[45.323222, "o", "bash-3.2$ "]
[46.494689, "o", "r"]
[46.679694, "o", "m"]
[47.069384, "o", " "]
[47.423611, "o", "-"]
[47.57379, "o", "r"]
[47.781504, "o", "f"]
[48.285614, "o", " "]
[48.51001, "o", "t"]
[48.577614, "o", "e"]
[48.771449, "o", "s"]
[49.196364, "o", "t"]
[49.436086, "o", "\r\n"]
[49.440104, "o", "bash-3.2$ "]
[49.813742, "o", "l"]
[49.905487, "o", "s"]
[50.02007, "o", "\r\n"]
[50.024124, "o", "LICENSE\t\tPITCHME.yaml\tcddir\r\nPITCHME.md\tREADME.md\ttemplate\r\n"]
[50.02458, "o", "bash-3.2$ "]
[56.710353, "o", "e"]
[57.075609, "o", "x"]
[57.274385, "o", "i"]
[57.414177, "o", "t"]
[57.609789, "o", "\r\n"]
[57.609988, "o", "exit\r\n"]
